ValenceBand,ConductionBand,CrystalDirection,mvb,mcb,mcb_indirect,Bandgap,IndirectBandgap,ElectronAffinity,ValenceBandShape,CollisionTime,epsilonStatic,epsilonInf,LatticeConstant,NumBonds,Density,DeformationPotential,SpeedofSound,PhononFrequency,Tphonon,SellmeierForm,B1,C1,B2,C2,B3,C3,MinWavelength,MaxWavelength,Wavelength,n,kappa
HeavyHole,CB1,[111],1.11,0.137,0.137,2.721,2.721,4.06,Kane,32,9.3,6.25,5.6692,16,5262.1,-4.17,4700,7.555,300,1,4.45813734,0.0403446805,0.467216334,0.1531713896,2.8956629,2221.822368582,0.54,18.2,233.93,2.0886,1.8656
HeavyHole,CB1,[001],0.52,0.137,0.137,2.721,2.721,,Kane,,,,,,,,4700,,,,,,,,,,,,234.27,2.0965,1.8757
HeavyHole,CB1,[110],0.862,0.137,0.137,2.721,2.721,,Kane,,,,,,,,4550,,,,,,,,,,,,234.61,2.1047,1.8856
LightHole,CB1,[111],0.143,0.137,0.137,2.721,2.721,,Kane,,,,,,,,4700,,,,,,,,,,,,234.95,2.1134,1.8955
LightHole,CB1,[001],0.168,0.137,0.137,2.721,2.721,,Kane,,,,,,,,4700,,,,,,,,,,,,235.28,2.1224,1.9052
LightHole,CB1,[110],0.149,0.137,0.137,2.721,2.721,,Kane,,,,,,,,4550,,,,,,,,,,,,235.63,2.1318,1.9148
SplitOff,CB1,[111],0.24,0.137,0.137,3.145,3.145,,Parabolic,,,,,,,,4700,,,,,,,,,,,,235.97,2.1416,1.9243
SplitOff,CB1,[001],0.24,0.137,0.137,3.145,3.145,,Parabolic,,,,,,,,4700,,,,,,,,,,,,236.31,2.1518,1.9336
SplitOff,CB1,[110],0.24,0.137,0.137,3.145,3.145,,Parabolic,,,,,,,,4550,,,,,,,,,,,,236.65,2.1624,1.9427
,,,,,,,,,,,,,,,,,,,,,,,,,,,,,237,2.1733,1.9516
,,,,,,,,,,,,,,,,,,,,,,,,,,,,,237.34,2.1846,1.9603
,,,,,,,,,,,,,,,,,,,,,,,,,,,,,237.69,2.1963,1.9688
,,,,,,,,,,,,,,,,,,,,,,,,,,,,,238.04,2.2083,1.977
,,,,,,,,,,,,,,,,,,,,,,,,,,,,,238.39,2.2207,1.985
,,,,,,,,,,,,,,,,,,,,,,,,,,,,,238.73,2.2334,1.9927
,,,,,,,,,,,,,,,,,,,,,,,,,,,,,239.09,2.2464,2.0001
,,,,,,,,,,,,,,,,,,,,,,,,,,,,,239.44,2.2598,2.0072
,,,,,,,,,,,,,,,,,,,,,,,,,,,,,239.79,2.2734,2.014
,,,,,,,,,,,,,,,,,,,,,,,,,,,,,240.14,2.2874,2.0205
,,,,,,,,,,,,,,,,,,,,,,,,,,,,,240.5,2.3016,2.0267
,,,,,,,,,,,,,,,,,,,,,,,,,,,,,240.85,2.3161,2.0325
,,,,,,,,,,,,,,,,,,,,,,,,,,,,,241.21,2.3308,2.0379
,,,,,,,,,,,,,,,,,,,,,,,,,,,,,241.57,2.3457,2.043
,,,,,,,,,,,,,,,,,,,,,,,,,,,,,241.93,2.3609,2.0477
,,,,,,,,,,,,,,,,,,,,,,,,,,,,,242.29,2.3762,2.0521
,,,,,,,,,,,,,,,,,,,,,,,,,,,,,242.65,2.3918,2.0561
,,,,,,,,,,,,,,,,,,,,,,,,,,,,,243.01,2.4075,2.0597
,,,,,,,,,,,,,,,,,,,,,,,,,,,,,243.37,2.4234,2.0629
,,,,,,,,,,,,,,,,,,,,,,,,,,,,,243.74,2.4394,2.0658
,,,,,,,,,,,,,,,,,,,,,,,,,,,,,244.1,2.4555,2.0682
,,,,,,,,,,,,,,,,,,,,,,,,,,,,,244.47,2.4717,2.0703
,,,,,,,,,,,,,,,,,,,,,,,,,,,,,244.84,2.4881,2.072
,,,,,,,,,,,,,,,,,,,,,,,,,,,,,245.21,2.5045,2.0734
,,,,,,,,,,,,,,,,,,,,,,,,,,,,,245.58,2.521,2.0743
,,,,,,,,,,,,,,,,,,,,,,,,,,,,,245.95,2.5375,2.075
,,,,,,,,,,,,,,,,,,,,,,,,,,,,,246.32,2.5542,2.0752
,,,,,,,,,,,,,,,,,,,,,,,,,,,,,246.69,2.5708,2.0751
,,,,,,,,,,,,,,,,,,,,,,,,,,,,,247.07,2.5875,2.0747
,,,,,,,,,,,,,,,,,,,,,,,,,,,,,247.44,2.6043,2.0739
,,,,,,,,,,,,,,,,,,,,,,,,,,,,,247.82,2.621,2.0728
,,,,,,,,,,,,,,,,,,,,,,,,,,,,,248.2,2.6379,2.0713
,,,,,,,,,,,,,,,,,,,,,,,,,,,,,248.58,2.6547,2.0695
,,,,,,,,,,,,,,,,,,,,,,,,,,,,,248.96,2.6715,2.0674
,,,,,,,,,,,,,,,,,,,,,,,,,,,,,249.34,2.6884,2.0649
,,,,,,,,,,,,,,,,,,,,,,,,,,,,,249.72,2.7053,2.0621
,,,,,,,,,,,,,,,,,,,,,,,,,,,,,250.1,2.7223,2.059
,,,,,,,,,,,,,,,,,,,,,,,,,,,,,250.49,2.7392,2.0556
,,,,,,,,,,,,,,,,,,,,,,,,,,,,,250.87,2.7562,2.0518
,,,,,,,,,,,,,,,,,,,,,,,,,,,,,251.26,2.7732,2.0476
,,,,,,,,,,,,,,,,,,,,,,,,,,,,,251.65,2.7902,2.0432
,,,,,,,,,,,,,,,,,,,,,,,,,,,,,252.04,2.8072,2.0383
,,,,,,,,,,,,,,,,,,,,,,,,,,,,,252.43,2.8243,2.0331
,,,,,,,,,,,,,,,,,,,,,,,,,,,,,252.82,2.8413,2.0276
,,,,,,,,,,,,,,,,,,,,,,,,,,,,,253.22,2.8584,2.0216
,,,,,,,,,,,,,,,,,,,,,,,,,,,,,253.61,2.8755,2.0153
,,,,,,,,,,,,,,,,,,,,,,,,,,,,,254.01,2.8925,2.0086
,,,,,,,,,,,,,,,,,,,,,,,,,,,,,254.4,2.9095,2.0014
,,,,,,,,,,,,,,,,,,,,,,,,,,,,,254.8,2.9265,1.9938
,,,,,,,,,,,,,,,,,,,,,,,,,,,,,255.2,2.9435,1.9858
,,,,,,,,,,,,,,,,,,,,,,,,,,,,,255.6,2.9604,1.9774
,,,,,,,,,,,,,,,,,,,,,,,,,,,,,256,2.9772,1.9684
,,,,,,,,,,,,,,,,,,,,,,,,,,,,,256.41,2.9939,1.9591
,,,,,,,,,,,,,,,,,,,,,,,,,,,,,256.81,3.0105,1.9492
,,,,,,,,,,,,,,,,,,,,,,,,,,,,,257.22,3.0269,1.9389
,,,,,,,,,,,,,,,,,,,,,,,,,,,,,257.62,3.0432,1.9281
,,,,,,,,,,,,,,,,,,,,,,,,,,,,,258.03,3.0593,1.9168
,,,,,,,,,,,,,,,,,,,,,,,,,,,,,258.44,3.0752,1.9051
,,,,,,,,,,,,,,,,,,,,,,,,,,,,,258.85,3.0908,1.8928
,,,,,,,,,,,,,,,,,,,,,,,,,,,,,259.26,3.1062,1.8801
,,,,,,,,,,,,,,,,,,,,,,,,,,,,,259.68,3.1213,1.867
,,,,,,,,,,,,,,,,,,,,,,,,,,,,,260.09,3.1361,1.8533
,,,,,,,,,,,,,,,,,,,,,,,,,,,,,260.51,3.1505,1.8392
,,,,,,,,,,,,,,,,,,,,,,,,,,,,,260.93,3.1645,1.8247
,,,,,,,,,,,,,,,,,,,,,,,,,,,,,261.34,3.1782,1.8098
,,,,,,,,,,,,,,,,,,,,,,,,,,,,,261.76,3.1914,1.7944
,,,,,,,,,,,,,,,,,,,,,,,,,,,,,262.19,3.2042,1.7787
,,,,,,,,,,,,,,,,,,,,,,,,,,,,,262.61,3.2165,1.7626
,,,,,,,,,,,,,,,,,,,,,,,,,,,,,263.03,3.2284,1.7462
,,,,,,,,,,,,,,,,,,,,,,,,,,,,,263.46,3.2397,1.7295
,,,,,,,,,,,,,,,,,,,,,,,,,,,,,263.89,3.2505,1.7125
,,,,,,,,,,,,,,,,,,,,,,,,,,,,,264.31,3.2608,1.6952
,,,,,,,,,,,,,,,,,,,,,,,,,,,,,264.74,3.2706,1.6777
,,,,,,,,,,,,,,,,,,,,,,,,,,,,,265.18,3.2798,1.66
,,,,,,,,,,,,,,,,,,,,,,,,,,,,,265.61,3.2885,1.6422
,,,,,,,,,,,,,,,,,,,,,,,,,,,,,266.04,3.2966,1.6242
,,,,,,,,,,,,,,,,,,,,,,,,,,,,,266.48,3.3041,1.6061
,,,,,,,,,,,,,,,,,,,,,,,,,,,,,266.91,3.3111,1.5879
,,,,,,,,,,,,,,,,,,,,,,,,,,,,,267.35,3.3175,1.5696
,,,,,,,,,,,,,,,,,,,,,,,,,,,,,267.79,3.3234,1.5514
,,,,,,,,,,,,,,,,,,,,,,,,,,,,,268.23,3.3287,1.5331
,,,,,,,,,,,,,,,,,,,,,,,,,,,,,268.68,3.3335,1.5148
,,,,,,,,,,,,,,,,,,,,,,,,,,,,,269.12,3.3377,1.4967
,,,,,,,,,,,,,,,,,,,,,,,,,,,,,269.57,3.3414,1.4785
,,,,,,,,,,,,,,,,,,,,,,,,,,,,,270.01,3.3446,1.4605
,,,,,,,,,,,,,,,,,,,,,,,,,,,,,270.46,3.3474,1.4426
,,,,,,,,,,,,,,,,,,,,,,,,,,,,,270.91,3.3496,1.4249
,,,,,,,,,,,,,,,,,,,,,,,,,,,,,271.36,3.3514,1.4073
,,,,,,,,,,,,,,,,,,,,,,,,,,,,,271.82,3.3527,1.3898
,,,,,,,,,,,,,,,,,,,,,,,,,,,,,272.27,3.3536,1.3726
,,,,,,,,,,,,,,,,,,,,,,,,,,,,,272.73,3.354,1.3556
,,,,,,,,,,,,,,,,,,,,,,,,,,,,,273.18,3.3541,1.3388
,,,,,,,,,,,,,,,,,,,,,,,,,,,,,273.64,3.3538,1.3222
,,,,,,,,,,,,,,,,,,,,,,,,,,,,,274.1,3.3531,1.3059
,,,,,,,,,,,,,,,,,,,,,,,,,,,,,274.57,3.3521,1.2898
,,,,,,,,,,,,,,,,,,,,,,,,,,,,,275.03,3.3507,1.2739
,,,,,,,,,,,,,,,,,,,,,,,,,,,,,275.5,3.3491,1.2584
,,,,,,,,,,,,,,,,,,,,,,,,,,,,,275.96,3.3471,1.2431
,,,,,,,,,,,,,,,,,,,,,,,,,,,,,276.43,3.3449,1.228
,,,,,,,,,,,,,,,,,,,,,,,,,,,,,276.9,3.3423,1.2133
,,,,,,,,,,,,,,,,,,,,,,,,,,,,,277.37,3.3396,1.1988
,,,,,,,,,,,,,,,,,,,,,,,,,,,,,277.85,3.3366,1.1846
,,,,,,,,,,,,,,,,,,,,,,,,,,,,,278.32,3.3334,1.1707
,,,,,,,,,,,,,,,,,,,,,,,,,,,,,278.8,3.33,1.1571
,,,,,,,,,,,,,,,,,,,,,,,,,,,,,279.28,3.3264,1.1438
,,,,,,,,,,,,,,,,,,,,,,,,,,,,,279.76,3.3226,1.1307
,,,,,,,,,,,,,,,,,,,,,,,,,,,,,280.24,3.3187,1.1179
,,,,,,,,,,,,,,,,,,,,,,,,,,,,,280.72,3.3146,1.1054
,,,,,,,,,,,,,,,,,,,,,,,,,,,,,281.21,3.3104,1.0932
,,,,,,,,,,,,,,,,,,,,,,,,,,,,,281.69,3.3061,1.0812
,,,,,,,,,,,,,,,,,,,,,,,,,,,,,282.18,3.3016,1.0695
,,,,,,,,,,,,,,,,,,,,,,,,,,,,,282.67,3.2971,1.0581
,,,,,,,,,,,,,,,,,,,,,,,,,,,,,283.16,3.2924,1.0469
,,,,,,,,,,,,,,,,,,,,,,,,,,,,,283.66,3.2877,1.036
,,,,,,,,,,,,,,,,,,,,,,,,,,,,,284.15,3.2829,1.0254
,,,,,,,,,,,,,,,,,,,,,,,,,,,,,284.65,3.278,1.015
,,,,,,,,,,,,,,,,,,,,,,,,,,,,,285.15,3.2731,1.0048
,,,,,,,,,,,,,,,,,,,,,,,,,,,,,285.65,3.2681,0.99488
,,,,,,,,,,,,,,,,,,,,,,,,,,,,,286.15,3.2631,0.98519
,,,,,,,,,,,,,,,,,,,,,,,,,,,,,286.65,3.2581,0.97573
,,,,,,,,,,,,,,,,,,,,,,,,,,,,,287.16,3.253,0.9665
,,,,,,,,,,,,,,,,,,,,,,,,,,,,,287.66,3.2479,0.95748
,,,,,,,,,,,,,,,,,,,,,,,,,,,,,288.17,3.2427,0.94868
,,,,,,,,,,,,,,,,,,,,,,,,,,,,,288.69,3.2376,0.94009
,,,,,,,,,,,,,,,,,,,,,,,,,,,,,289.2,3.2325,0.93171
,,,,,,,,,,,,,,,,,,,,,,,,,,,,,289.71,3.2273,0.92352
,,,,,,,,,,,,,,,,,,,,,,,,,,,,,290.23,3.2222,0.91553
,,,,,,,,,,,,,,,,,,,,,,,,,,,,,290.75,3.217,0.90773
,,,,,,,,,,,,,,,,,,,,,,,,,,,,,291.27,3.2119,0.90011
,,,,,,,,,,,,,,,,,,,,,,,,,,,,,291.79,3.2068,0.89268
,,,,,,,,,,,,,,,,,,,,,,,,,,,,,292.31,3.2017,0.88542
,,,,,,,,,,,,,,,,,,,,,,,,,,,,,292.84,3.1966,0.87833
,,,,,,,,,,,,,,,,,,,,,,,,,,,,,293.37,3.1916,0.87141
,,,,,,,,,,,,,,,,,,,,,,,,,,,,,293.9,3.1865,0.86465
,,,,,,,,,,,,,,,,,,,,,,,,,,,,,294.43,3.1815,0.85805
,,,,,,,,,,,,,,,,,,,,,,,,,,,,,294.96,3.1766,0.85161
,,,,,,,,,,,,,,,,,,,,,,,,,,,,,295.5,3.1716,0.84531
,,,,,,,,,,,,,,,,,,,,,,,,,,,,,296.03,3.1667,0.83916
,,,,,,,,,,,,,,,,,,,,,,,,,,,,,296.57,3.1619,0.83315
,,,,,,,,,,,,,,,,,,,,,,,,,,,,,297.11,3.157,0.82728
,,,,,,,,,,,,,,,,,,,,,,,,,,,,,297.66,3.1523,0.82154
,,,,,,,,,,,,,,,,,,,,,,,,,,,,,298.2,3.1475,0.81593
,,,,,,,,,,,,,,,,,,,,,,,,,,,,,298.75,3.1428,0.81045
,,,,,,,,,,,,,,,,,,,,,,,,,,,,,299.3,3.1382,0.80509
,,,,,,,,,,,,,,,,,,,,,,,,,,,,,299.85,3.1336,0.79985
,,,,,,,,,,,,,,,,,,,,,,,,,,,,,300.4,3.129,0.79472
,,,,,,,,,,,,,,,,,,,,,,,,,,,,,300.96,3.1245,0.78971
,,,,,,,,,,,,,,,,,,,,,,,,,,,,,301.52,3.12,0.7848
,,,,,,,,,,,,,,,,,,,,,,,,,,,,,302.08,3.1156,0.78001
,,,,,,,,,,,,,,,,,,,,,,,,,,,,,302.64,3.1112,0.77531
,,,,,,,,,,,,,,,,,,,,,,,,,,,,,303.2,3.1069,0.77072
,,,,,,,,,,,,,,,,,,,,,,,,,,,,,303.77,3.1026,0.76622
,,,,,,,,,,,,,,,,,,,,,,,,,,,,,304.33,3.0984,0.76181
,,,,,,,,,,,,,,,,,,,,,,,,,,,,,304.9,3.0942,0.7575
,,,,,,,,,,,,,,,,,,,,,,,,,,,,,305.48,3.0901,0.75328
,,,,,,,,,,,,,,,,,,,,,,,,,,,,,306.05,3.086,0.74914
,,,,,,,,,,,,,,,,,,,,,,,,,,,,,306.63,3.082,0.74509
,,,,,,,,,,,,,,,,,,,,,,,,,,,,,307.21,3.0781,0.74111
,,,,,,,,,,,,,,,,,,,,,,,,,,,,,307.79,3.0742,0.73722
,,,,,,,,,,,,,,,,,,,,,,,,,,,,,308.37,3.0703,0.7334
,,,,,,,,,,,,,,,,,,,,,,,,,,,,,308.95,3.0665,0.72965
,,,,,,,,,,,,,,,,,,,,,,,,,,,,,309.54,3.0628,0.72598
,,,,,,,,,,,,,,,,,,,,,,,,,,,,,310.13,3.0591,0.72237
,,,,,,,,,,,,,,,,,,,,,,,,,,,,,310.72,3.0554,0.71884
,,,,,,,,,,,,,,,,,,,,,,,,,,,,,311.32,3.0518,0.71536
,,,,,,,,,,,,,,,,,,,,,,,,,,,,,311.91,3.0483,0.71196
,,,,,,,,,,,,,,,,,,,,,,,,,,,,,312.51,3.0448,0.70861
,,,,,,,,,,,,,,,,,,,,,,,,,,,,,313.11,3.0413,0.70532
,,,,,,,,,,,,,,,,,,,,,,,,,,,,,313.72,3.038,0.70209
,,,,,,,,,,,,,,,,,,,,,,,,,,,,,314.32,3.0346,0.69891
,,,,,,,,,,,,,,,,,,,,,,,,,,,,,314.93,3.0313,0.69579
,,,,,,,,,,,,,,,,,,,,,,,,,,,,,315.54,3.0281,0.69272
,,,,,,,,,,,,,,,,,,,,,,,,,,,,,316.15,3.0249,0.6897
,,,,,,,,,,,,,,,,,,,,,,,,,,,,,316.77,3.0218,0.68673
,,,,,,,,,,,,,,,,,,,,,,,,,,,,,317.39,3.0187,0.6838
,,,,,,,,,,,,,,,,,,,,,,,,,,,,,318.01,3.0157,0.68092
,,,,,,,,,,,,,,,,,,,,,,,,,,,,,318.63,3.0127,0.67809
,,,,,,,,,,,,,,,,,,,,,,,,,,,,,319.25,3.0098,0.67529
,,,,,,,,,,,,,,,,,,,,,,,,,,,,,319.88,3.0069,0.67254
,,,,,,,,,,,,,,,,,,,,,,,,,,,,,320.51,3.0041,0.66983
,,,,,,,,,,,,,,,,,,,,,,,,,,,,,321.14,3.0013,0.66715
,,,,,,,,,,,,,,,,,,,,,,,,,,,,,321.78,2.9986,0.66452
,,,,,,,,,,,,,,,,,,,,,,,,,,,,,322.41,2.9959,0.66191
,,,,,,,,,,,,,,,,,,,,,,,,,,,,,323.05,2.9933,0.65934
,,,,,,,,,,,,,,,,,,,,,,,,,,,,,323.7,2.9907,0.65681
,,,,,,,,,,,,,,,,,,,,,,,,,,,,,324.34,2.9882,0.6543
,,,,,,,,,,,,,,,,,,,,,,,,,,,,,324.99,2.9857,0.65183
,,,,,,,,,,,,,,,,,,,,,,,,,,,,,325.64,2.9832,0.64939
,,,,,,,,,,,,,,,,,,,,,,,,,,,,,326.29,2.9808,0.64697
,,,,,,,,,,,,,,,,,,,,,,,,,,,,,326.95,2.9785,0.64458
,,,,,,,,,,,,,,,,,,,,,,,,,,,,,327.6,2.9762,0.64221
,,,,,,,,,,,,,,,,,,,,,,,,,,,,,328.27,2.9739,0.63987
,,,,,,,,,,,,,,,,,,,,,,,,,,,,,328.93,2.9717,0.63755
,,,,,,,,,,,,,,,,,,,,,,,,,,,,,329.59,2.9696,0.63526
,,,,,,,,,,,,,,,,,,,,,,,,,,,,,330.26,2.9674,0.63299
,,,,,,,,,,,,,,,,,,,,,,,,,,,,,330.93,2.9654,0.63073
,,,,,,,,,,,,,,,,,,,,,,,,,,,,,331.61,2.9633,0.6285
,,,,,,,,,,,,,,,,,,,,,,,,,,,,,332.28,2.9613,0.62628
,,,,,,,,,,,,,,,,,,,,,,,,,,,,,332.96,2.9594,0.62408
,,,,,,,,,,,,,,,,,,,,,,,,,,,,,333.65,2.9575,0.6219
,,,,,,,,,,,,,,,,,,,,,,,,,,,,,334.33,2.9556,0.61973
,,,,,,,,,,,,,,,,,,,,,,,,,,,,,335.02,2.9538,0.61758
,,,,,,,,,,,,,,,,,,,,,,,,,,,,,335.71,2.952,0.61544
,,,,,,,,,,,,,,,,,,,,,,,,,,,,,336.4,2.9503,0.61331
,,,,,,,,,,,,,,,,,,,,,,,,,,,,,337.1,2.9486,0.61119
,,,,,,,,,,,,,,,,,,,,,,,,,,,,,337.8,2.9469,0.60909
,,,,,,,,,,,,,,,,,,,,,,,,,,,,,338.5,2.9453,0.60699
,,,,,,,,,,,,,,,,,,,,,,,,,,,,,339.21,2.9438,0.6049
,,,,,,,,,,,,,,,,,,,,,,,,,,,,,339.92,2.9422,0.60282
,,,,,,,,,,,,,,,,,,,,,,,,,,,,,340.63,2.9407,0.60075
,,,,,,,,,,,,,,,,,,,,,,,,,,,,,341.34,2.9393,0.59868
,,,,,,,,,,,,,,,,,,,,,,,,,,,,,342.06,2.9379,0.59662
,,,,,,,,,,,,,,,,,,,,,,,,,,,,,342.78,2.9365,0.59456
,,,,,,,,,,,,,,,,,,,,,,,,,,,,,343.5,2.9351,0.59251
,,,,,,,,,,,,,,,,,,,,,,,,,,,,,344.23,2.9338,0.59046
,,,,,,,,,,,,,,,,,,,,,,,,,,,,,344.96,2.9326,0.58841
,,,,,,,,,,,,,,,,,,,,,,,,,,,,,345.69,2.9313,0.58636
,,,,,,,,,,,,,,,,,,,,,,,,,,,,,346.43,2.9301,0.58431
,,,,,,,,,,,,,,,,,,,,,,,,,,,,,347.16,2.929,0.58226
,,,,,,,,,,,,,,,,,,,,,,,,,,,,,347.91,2.9279,0.58021
,,,,,,,,,,,,,,,,,,,,,,,,,,,,,348.65,2.9268,0.57816
,,,,,,,,,,,,,,,,,,,,,,,,,,,,,349.4,2.9257,0.57611
,,,,,,,,,,,,,,,,,,,,,,,,,,,,,350.15,2.9247,0.57405
,,,,,,,,,,,,,,,,,,,,,,,,,,,,,350.91,2.9237,0.57198
,,,,,,,,,,,,,,,,,,,,,,,,,,,,,351.66,2.9228,0.56991
,,,,,,,,,,,,,,,,,,,,,,,,,,,,,352.42,2.9219,0.56784
,,,,,,,,,,,,,,,,,,,,,,,,,,,,,353.19,2.921,0.56575
,,,,,,,,,,,,,,,,,,,,,,,,,,,,,353.96,2.9201,0.56366
,,,,,,,,,,,,,,,,,,,,,,,,,,,,,354.73,2.9193,0.56156
,,,,,,,,,,,,,,,,,,,,,,,,,,,,,355.5,2.9185,0.55945
,,,,,,,,,,,,,,,,,,,,,,,,,,,,,356.28,2.9177,0.55733
,,,,,,,,,,,,,,,,,,,,,,,,,,,,,357.06,2.917,0.55519
,,,,,,,,,,,,,,,,,,,,,,,,,,,,,357.85,2.9163,0.55305
,,,,,,,,,,,,,,,,,,,,,,,,,,,,,358.63,2.9156,0.55089
,,,,,,,,,,,,,,,,,,,,,,,,,,,,,359.43,2.9149,0.54872
,,,,,,,,,,,,,,,,,,,,,,,,,,,,,360.22,2.9143,0.54653
,,,,,,,,,,,,,,,,,,,,,,,,,,,,,361.02,2.9137,0.54432
,,,,,,,,,,,,,,,,,,,,,,,,,,,,,361.82,2.9131,0.5421
,,,,,,,,,,,,,,,,,,,,,,,,,,,,,362.63,2.9126,0.53986
,,,,,,,,,,,,,,,,,,,,,,,,,,,,,363.44,2.9121,0.53761
,,,,,,,,,,,,,,,,,,,,,,,,,,,,,364.25,2.9116,0.53533
,,,,,,,,,,,,,,,,,,,,,,,,,,,,,365.07,2.9111,0.53303
,,,,,,,,,,,,,,,,,,,,,,,,,,,,,365.89,2.9106,0.53071
,,,,,,,,,,,,,,,,,,,,,,,,,,,,,366.71,2.9102,0.52837
,,,,,,,,,,,,,,,,,,,,,,,,,,,,,367.54,2.9097,0.52601
,,,,,,,,,,,,,,,,,,,,,,,,,,,,,368.37,2.9093,0.52362
,,,,,,,,,,,,,,,,,,,,,,,,,,,,,369.21,2.9089,0.5212
,,,,,,,,,,,,,,,,,,,,,,,,,,,,,370.05,2.9085,0.51876
,,,,,,,,,,,,,,,,,,,,,,,,,,,,,370.89,2.9082,0.5163
,,,,,,,,,,,,,,,,,,,,,,,,,,,,,371.74,2.9078,0.5138
,,,,,,,,,,,,,,,,,,,,,,,,,,,,,372.59,2.9074,0.51128
,,,,,,,,,,,,,,,,,,,,,,,,,,,,,373.44,2.9071,0.50873
,,,,,,,,,,,,,,,,,,,,,,,,,,,,,374.3,2.9067,0.50615
,,,,,,,,,,,,,,,,,,,,,,,,,,,,,375.16,2.9063,0.50354
,,,,,,,,,,,,,,,,,,,,,,,,,,,,,376.03,2.906,0.5009
,,,,,,,,,,,,,,,,,,,,,,,,,,,,,376.9,2.9056,0.49823
,,,,,,,,,,,,,,,,,,,,,,,,,,,,,377.77,2.9052,0.49552
,,,,,,,,,,,,,,,,,,,,,,,,,,,,,378.65,2.9048,0.49279
,,,,,,,,,,,,,,,,,,,,,,,,,,,,,379.54,2.9044,0.49003
,,,,,,,,,,,,,,,,,,,,,,,,,,,,,380.42,2.9039,0.48724
,,,,,,,,,,,,,,,,,,,,,,,,,,,,,381.31,2.9034,0.48443
,,,,,,,,,,,,,,,,,,,,,,,,,,,,,382.21,2.9029,0.48159
,,,,,,,,,,,,,,,,,,,,,,,,,,,,,383.11,2.9022,0.47874
,,,,,,,,,,,,,,,,,,,,,,,,,,,,,384.01,2.9016,0.47587
,,,,,,,,,,,,,,,,,,,,,,,,,,,,,384.92,2.9008,0.473
,,,,,,,,,,,,,,,,,,,,,,,,,,,,,385.83,2.9,0.47014
,,,,,,,,,,,,,,,,,,,,,,,,,,,,,386.75,2.899,0.4673
,,,,,,,,,,,,,,,,,,,,,,,,,,,,,387.67,2.8979,0.46451
,,,,,,,,,,,,,,,,,,,,,,,,,,,,,388.59,2.8966,0.46179
,,,,,,,,,,,,,,,,,,,,,,,,,,,,,389.52,2.8952,0.45918
,,,,,,,,,,,,,,,,,,,,,,,,,,,,,390.46,2.8935,0.45674
,,,,,,,,,,,,,,,,,,,,,,,,,,,,,391.4,2.8916,0.45455
,,,,,,,,,,,,,,,,,,,,,,,,,,,,,392.34,2.8895,0.45273
,,,,,,,,,,,,,,,,,,,,,,,,,,,,,393.29,2.887,0.45142
,,,,,,,,,,,,,,,,,,,,,,,,,,,,,394.24,2.8843,0.45087
,,,,,,,,,,,,,,,,,,,,,,,,,,,,,395.2,2.8815,0.4514
,,,,,,,,,,,,,,,,,,,,,,,,,,,,,396.16,2.8788,0.45343
,,,,,,,,,,,,,,,,,,,,,,,,,,,,,397.13,2.8768,0.45748
,,,,,,,,,,,,,,,,,,,,,,,,,,,,,398.1,2.8767,0.4639
,,,,,,,,,,,,,,,,,,,,,,,,,,,,,399.07,2.8805,0.47238
,,,,,,,,,,,,,,,,,,,,,,,,,,,,,400.05,2.8901,0.48102
,,,,,,,,,,,,,,,,,,,,,,,,,,,,,401.04,2.9064,0.48592
,,,,,,,,,,,,,,,,,,,,,,,,,,,,,402.03,2.9268,0.48235
,,,,,,,,,,,,,,,,,,,,,,,,,,,,,403.02,2.9449,0.46878
,,,,,,,,,,,,,,,,,,,,,,,,,,,,,404.02,2.9552,0.44936
,,,,,,,,,,,,,,,,,,,,,,,,,,,,,405.03,2.9577,0.42987
,,,,,,,,,,,,,,,,,,,,,,,,,,,,,406.04,2.9551,0.41337
,,,,,,,,,,,,,,,,,,,,,,,,,,,,,407.05,2.9501,0.40032
,,,,,,,,,,,,,,,,,,,,,,,,,,,,,408.07,2.9444,0.39011
,,,,,,,,,,,,,,,,,,,,,,,,,,,,,409.1,2.9387,0.382
,,,,,,,,,,,,,,,,,,,,,,,,,,,,,410.13,2.9334,0.37536
,,,,,,,,,,,,,,,,,,,,,,,,,,,,,411.17,2.9285,0.36975
,,,,,,,,,,,,,,,,,,,,,,,,,,,,,412.21,2.9241,0.36487
,,,,,,,,,,,,,,,,,,,,,,,,,,,,,413.25,2.9202,0.36049
,,,,,,,,,,,,,,,,,,,,,,,,,,,,,414.3,2.9166,0.35647
,,,,,,,,,,,,,,,,,,,,,,,,,,,,,415.36,2.9133,0.3527
,,,,,,,,,,,,,,,,,,,,,,,,,,,,,416.42,2.9103,0.34912
,,,,,,,,,,,,,,,,,,,,,,,,,,,,,417.49,2.9075,0.34565
,,,,,,,,,,,,,,,,,,,,,,,,,,,,,418.57,2.905,0.34227
,,,,,,,,,,,,,,,,,,,,,,,,,,,,,419.64,2.9027,0.33894
,,,,,,,,,,,,,,,,,,,,,,,,,,,,,420.73,2.9005,0.33564
,,,,,,,,,,,,,,,,,,,,,,,,,,,,,421.82,2.8984,0.33235
,,,,,,,,,,,,,,,,,,,,,,,,,,,,,422.91,2.8965,0.32906
,,,,,,,,,,,,,,,,,,,,,,,,,,,,,424.02,2.8946,0.32575
,,,,,,,,,,,,,,,,,,,,,,,,,,,,,425.12,2.8929,0.32241
,,,,,,,,,,,,,,,,,,,,,,,,,,,,,426.24,2.8912,0.31904
,,,,,,,,,,,,,,,,,,,,,,,,,,,,,427.35,2.8895,0.31563
,,,,,,,,,,,,,,,,,,,,,,,,,,,,,428.48,2.8879,0.31217
,,,,,,,,,,,,,,,,,,,,,,,,,,,,,429.61,2.8863,0.30866
,,,,,,,,,,,,,,,,,,,,,,,,,,,,,430.75,2.8847,0.30509
,,,,,,,,,,,,,,,,,,,,,,,,,,,,,431.89,2.8831,0.30146
,,,,,,,,,,,,,,,,,,,,,,,,,,,,,433.04,2.8814,0.29778
,,,,,,,,,,,,,,,,,,,,,,,,,,,,,434.19,2.8798,0.29403
,,,,,,,,,,,,,,,,,,,,,,,,,,,,,435.35,2.878,0.29022
,,,,,,,,,,,,,,,,,,,,,,,,,,,,,436.52,2.8762,0.28634
,,,,,,,,,,,,,,,,,,,,,,,,,,,,,437.69,2.8743,0.28241
,,,,,,,,,,,,,,,,,,,,,,,,,,,,,438.87,2.8723,0.27843
,,,,,,,,,,,,,,,,,,,,,,,,,,,,,440.06,2.8701,0.27441
,,,,,,,,,,,,,,,,,,,,,,,,,,,,,441.25,2.8677,0.27035
,,,,,,,,,,,,,,,,,,,,,,,,,,,,,442.45,2.8651,0.26628
,,,,,,,,,,,,,,,,,,,,,,,,,,,,,443.66,2.8622,0.26223
,,,,,,,,,,,,,,,,,,,,,,,,,,,,,444.87,2.859,0.25823
,,,,,,,,,,,,,,,,,,,,,,,,,,,,,446.09,2.8555,0.25433
,,,,,,,,,,,,,,,,,,,,,,,,,,,,,447.31,2.8514,0.25063
,,,,,,,,,,,,,,,,,,,,,,,,,,,,,448.55,2.8469,0.24722
,,,,,,,,,,,,,,,,,,,,,,,,,,,,,449.79,2.8417,0.24427
,,,,,,,,,,,,,,,,,,,,,,,,,,,,,451.03,2.8359,0.24202
,,,,,,,,,,,,,,,,,,,,,,,,,,,,,452.29,2.8293,0.24081
,,,,,,,,,,,,,,,,,,,,,,,,,,,,,453.55,2.8219,0.24115
,,,,,,,,,,,,,,,,,,,,,,,,,,,,,454.81,2.814,0.24376
,,,,,,,,,,,,,,,,,,,,,,,,,,,,,456.09,2.806,0.24963
,,,,,,,,,,,,,,,,,,,,,,,,,,,,,457.37,2.7994,0.25993
,,,,,,,,,,,,,,,,,,,,,,,,,,,,,458.66,2.7966,0.27554
,,,,,,,,,,,,,,,,,,,,,,,,,,,,,459.95,2.8018,0.29569
,,,,,,,,,,,,,,,,,,,,,,,,,,,,,461.25,2.8196,0.31608
,,,,,,,,,,,,,,,,,,,,,,,,,,,,,462.57,2.8512,0.32808
,,,,,,,,,,,,,,,,,,,,,,,,,,,,,463.88,2.8901,0.32216
,,,,,,,,,,,,,,,,,,,,,,,,,,,,,465.21,2.9228,0.29664
,,,,,,,,,,,,,,,,,,,,,,,,,,,,,466.54,2.9398,0.26082
,,,,,,,,,,,,,,,,,,,,,,,,,,,,,467.88,2.9417,0.22568
,,,,,,,,,,,,,,,,,,,,,,,,,,,,,469.23,2.9341,0.19655
,,,,,,,,,,,,,,,,,,,,,,,,,,,,,470.59,2.9221,0.17406
,,,,,,,,,,,,,,,,,,,,,,,,,,,,,471.95,2.9086,0.15706
,,,,,,,,,,,,,,,,,,,,,,,,,,,,,473.32,2.8951,0.14418
,,,,,,,,,,,,,,,,,,,,,,,,,,,,,474.7,2.8821,0.13429
,,,,,,,,,,,,,,,,,,,,,,,,,,,,,476.09,2.87,0.12655
,,,,,,,,,,,,,,,,,,,,,,,,,,,,,477.49,2.8586,0.12039
,,,,,,,,,,,,,,,,,,,,,,,,,,,,,478.89,2.8481,0.11538
,,,,,,,,,,,,,,,,,,,,,,,,,,,,,480.31,2.8383,0.11125
,,,,,,,,,,,,,,,,,,,,,,,,,,,,,481.73,2.8292,0.10777
,,,,,,,,,,,,,,,,,,,,,,,,,,,,,483.16,2.8206,0.10482
,,,,,,,,,,,,,,,,,,,,,,,,,,,,,484.59,2.8126,0.10226
,,,,,,,,,,,,,,,,,,,,,,,,,,,,,486.04,2.805,0.10003
,,,,,,,,,,,,,,,,,,,,,,,,,,,,,487.5,2.7977,0.098055
,,,,,,,,,,,,,,,,,,,,,,,,,,,,,488.96,2.7909,0.096293
,,,,,,,,,,,,,,,,,,,,,,,,,,,,,490.43,2.7844,0.094706
,,,,,,,,,,,,,,,,,,,,,,,,,,,,,491.91,2.7781,0.093265
,,,,,,,,,,,,,,,,,,,,,,,,,,,,,493.41,2.7721,0.091945
,,,,,,,,,,,,,,,,,,,,,,,,,,,,,494.91,2.7664,0.09073
,,,,,,,,,,,,,,,,,,,,,,,,,,,,,496.41,2.7609,0.089603
,,,,,,,,,,,,,,,,,,,,,,,,,,,,,497.93,2.7555,0.088552
,,,,,,,,,,,,,,,,,,,,,,,,,,,,,499.46,2.7504,0.087568
,,,,,,,,,,,,,,,,,,,,,,,,,,,,,501,2.7454,0.086641
,,,,,,,,,,,,,,,,,,,,,,,,,,,,,502.54,2.7405,0.085765
,,,,,,,,,,,,,,,,,,,,,,,,,,,,,504.1,2.7358,0.084933
,,,,,,,,,,,,,,,,,,,,,,,,,,,,,505.66,2.7313,0.084142
,,,,,,,,,,,,,,,,,,,,,,,,,,,,,507.24,2.7268,0.083385
,,,,,,,,,,,,,,,,,,,,,,,,,,,,,508.83,2.7225,0.082661
,,,,,,,,,,,,,,,,,,,,,,,,,,,,,510.42,2.7183,0.081964
,,,,,,,,,,,,,,,,,,,,,,,,,,,,,512.03,2.7141,0.081294
,,,,,,,,,,,,,,,,,,,,,,,,,,,,,513.64,2.7101,0.080647
,,,,,,,,,,,,,,,,,,,,,,,,,,,,,515.27,2.7062,0.080022
,,,,,,,,,,,,,,,,,,,,,,,,,,,,,516.9,2.7023,0.079415
,,,,,,,,,,,,,,,,,,,,,,,,,,,,,518.55,2.6985,0.078827
,,,,,,,,,,,,,,,,,,,,,,,,,,,,,520.21,2.6949,0.078255
,,,,,,,,,,,,,,,,,,,,,,,,,,,,,521.87,2.6912,0.077698
,,,,,,,,,,,,,,,,,,,,,,,,,,,,,523.55,2.6877,0.077156
,,,,,,,,,,,,,,,,,,,,,,,,,,,,,525.24,2.6842,0.076626
,,,,,,,,,,,,,,,,,,,,,,,,,,,,,526.94,2.6808,0.076108
,,,,,,,,,,,,,,,,,,,,,,,,,,,,,528.65,2.6774,0.075602
,,,,,,,,,,,,,,,,,,,,,,,,,,,,,530.37,2.6741,0.075106
,,,,,,,,,,,,,,,,,,,,,,,,,,,,,532.11,2.6708,0.07462
,,,,,,,,,,,,,,,,,,,,,,,,,,,,,533.85,2.6676,0.074144
,,,,,,,,,,,,,,,,,,,,,,,,,,,,,535.61,2.6645,0.073676
,,,,,,,,,,,,,,,,,,,,,,,,,,,,,537.38,2.6614,0.073217
,,,,,,,,,,,,,,,,,,,,,,,,,,,,,539.16,2.6583,0.072765
,,,,,,,,,,,,,,,,,,,,,,,,,,,,,540.95,2.6553,0.072321
,,,,,,,,,,,,,,,,,,,,,,,,,,,,,542.75,2.6523,0.071884
,,,,,,,,,,,,,,,,,,,,,,,,,,,,,544.57,2.6494,0.071453
,,,,,,,,,,,,,,,,,,,,,,,,,,,,,546.39,2.6465,0.071029
,,,,,,,,,,,,,,,,,,,,,,,,,,,,,548.23,2.6437,0.070611
,,,,,,,,,,,,,,,,,,,,,,,,,,,,,550.09,2.6409,0.070198
,,,,,,,,,,,,,,,,,,,,,,,,,,,,,551.95,2.6381,0.069792
,,,,,,,,,,,,,,,,,,,,,,,,,,,,,553.83,2.6354,0.06939
,,,,,,,,,,,,,,,,,,,,,,,,,,,,,555.72,2.6327,0.068994
,,,,,,,,,,,,,,,,,,,,,,,,,,,,,557.62,2.63,0.068602
,,,,,,,,,,,,,,,,,,,,,,,,,,,,,559.54,2.6274,0.068216
,,,,,,,,,,,,,,,,,,,,,,,,,,,,,561.47,2.6248,0.067833
,,,,,,,,,,,,,,,,,,,,,,,,,,,,,563.41,2.6222,0.067455
,,,,,,,,,,,,,,,,,,,,,,,,,,,,,565.37,2.6197,0.067082
,,,,,,,,,,,,,,,,,,,,,,,,,,,,,567.34,2.6172,0.066712
,,,,,,,,,,,,,,,,,,,,,,,,,,,,,569.32,2.6147,0.066346
,,,,,,,,,,,,,,,,,,,,,,,,,,,,,571.32,2.6122,0.065985
,,,,,,,,,,,,,,,,,,,,,,,,,,,,,573.33,2.6098,0.065626
,,,,,,,,,,,,,,,,,,,,,,,,,,,,,575.36,2.6074,0.065272
,,,,,,,,,,,,,,,,,,,,,,,,,,,,,577.4,2.605,0.06492
,,,,,,,,,,,,,,,,,,,,,,,,,,,,,579.45,2.6027,0.064573
,,,,,,,,,,,,,,,,,,,,,,,,,,,,,581.52,2.6004,0.064228
,,,,,,,,,,,,,,,,,,,,,,,,,,,,,583.61,2.5981,0.063887
,,,,,,,,,,,,,,,,,,,,,,,,,,,,,585.71,2.5958,0.063548
,,,,,,,,,,,,,,,,,,,,,,,,,,,,,587.82,2.5935,0.063213
,,,,,,,,,,,,,,,,,,,,,,,,,,,,,589.95,2.5913,0.06288
,,,,,,,,,,,,,,,,,,,,,,,,,,,,,592.1,2.5891,0.062551
,,,,,,,,,,,,,,,,,,,,,,,,,,,,,594.26,2.5869,0.062224
,,,,,,,,,,,,,,,,,,,,,,,,,,,,,596.43,2.5848,0.0619
,,,,,,,,,,,,,,,,,,,,,,,,,,,,,598.63,2.5826,0.061579
,,,,,,,,,,,,,,,,,,,,,,,,,,,,,600.84,2.5805,0.06126
,,,,,,,,,,,,,,,,,,,,,,,,,,,,,603.06,2.5784,0.060943
,,,,,,,,,,,,,,,,,,,,,,,,,,,,,605.3,2.5763,0.06063
,,,,,,,,,,,,,,,,,,,,,,,,,,,,,607.56,2.5742,0.060318
,,,,,,,,,,,,,,,,,,,,,,,,,,,,,609.84,2.5722,0.060009
,,,,,,,,,,,,,,,,,,,,,,,,,,,,,612.13,2.5702,0.059703
,,,,,,,,,,,,,,,,,,,,,,,,,,,,,614.44,2.5682,0.059398
,,,,,,,,,,,,,,,,,,,,,,,,,,,,,616.77,2.5662,0.059096
,,,,,,,,,,,,,,,,,,,,,,,,,,,,,619.11,2.5642,0.058796
,,,,,,,,,,,,,,,,,,,,,,,,,,,,,621.48,2.5622,0.058498
,,,,,,,,,,,,,,,,,,,,,,,,,,,,,623.86,2.5603,0.058202
,,,,,,,,,,,,,,,,,,,,,,,,,,,,,626.26,2.5584,0.057909
,,,,,,,,,,,,,,,,,,,,,,,,,,,,,628.68,2.5565,0.057617
,,,,,,,,,,,,,,,,,,,,,,,,,,,,,631.11,2.5546,0.057327
,,,,,,,,,,,,,,,,,,,,,,,,,,,,,633.57,2.5527,0.05704
,,,,,,,,,,,,,,,,,,,,,,,,,,,,,636.05,2.5508,0.056754
,,,,,,,,,,,,,,,,,,,,,,,,,,,,,638.54,2.549,0.05647
,,,,,,,,,,,,,,,,,,,,,,,,,,,,,641.05,2.5472,0.056188
,,,,,,,,,,,,,,,,,,,,,,,,,,,,,643.59,2.5454,0.055908
,,,,,,,,,,,,,,,,,,,,,,,,,,,,,646.14,2.5436,0.05563
,,,,,,,,,,,,,,,,,,,,,,,,,,,,,648.72,2.5418,0.055353
,,,,,,,,,,,,,,,,,,,,,,,,,,,,,651.31,2.54,0.055078
,,,,,,,,,,,,,,,,,,,,,,,,,,,,,653.93,2.5382,0.054805
,,,,,,,,,,,,,,,,,,,,,,,,,,,,,656.56,2.5365,0.054534
,,,,,,,,,,,,,,,,,,,,,,,,,,,,,659.22,2.5348,0.054264
,,,,,,,,,,,,,,,,,,,,,,,,,,,,,661.9,2.5331,0.053996
,,,,,,,,,,,,,,,,,,,,,,,,,,,,,664.61,2.5314,0.053729
,,,,,,,,,,,,,,,,,,,,,,,,,,,,,667.33,2.5297,0.053464
,,,,,,,,,,,,,,,,,,,,,,,,,,,,,670.08,2.528,0.053201
,,,,,,,,,,,,,,,,,,,,,,,,,,,,,672.85,2.5263,0.052939
,,,,,,,,,,,,,,,,,,,,,,,,,,,,,675.64,2.5247,0.052679
,,,,,,,,,,,,,,,,,,,,,,,,,,,,,678.45,2.523,0.05242
,,,,,,,,,,,,,,,,,,,,,,,,,,,,,681.29,2.5214,0.052163
,,,,,,,,,,,,,,,,,,,,,,,,,,,,,684.15,2.5198,0.051907
,,,,,,,,,,,,,,,,,,,,,,,,,,,,,687.04,2.5182,0.051653
,,,,,,,,,,,,,,,,,,,,,,,,,,,,,689.95,2.5166,0.0514
,,,,,,,,,,,,,,,,,,,,,,,,,,,,,692.89,2.515,0.051149
,,,,,,,,,,,,,,,,,,,,,,,,,,,,,695.85,2.5135,0.050899
,,,,,,,,,,,,,,,,,,,,,,,,,,,,,698.84,2.5119,0.05065
,,,,,,,,,,,,,,,,,,,,,,,,,,,,,701.85,2.5104,0.050403
,,,,,,,,,,,,,,,,,,,,,,,,,,,,,704.89,2.5088,0.050157
,,,,,,,,,,,,,,,,,,,,,,,,,,,,,707.95,2.5073,0.049912
,,,,,,,,,,,,,,,,,,,,,,,,,,,,,711.05,2.5058,0.049669
,,,,,,,,,,,,,,,,,,,,,,,,,,,,,714.16,2.5043,0.049427
,,,,,,,,,,,,,,,,,,,,,,,,,,,,,717.31,2.5028,0.049186
,,,,,,,,,,,,,,,,,,,,,,,,,,,,,720.49,2.5013,0.048946
,,,,,,,,,,,,,,,,,,,,,,,,,,,,,723.69,2.4999,0.048708
,,,,,,,,,,,,,,,,,,,,,,,,,,,,,726.92,2.4984,0.048471
,,,,,,,,,,,,,,,,,,,,,,,,,,,,,730.18,2.497,0.048235
,,,,,,,,,,,,,,,,,,,,,,,,,,,,,733.47,2.4955,0.048001
,,,,,,,,,,,,,,,,,,,,,,,,,,,,,736.79,2.4941,0.047768
,,,,,,,,,,,,,,,,,,,,,,,,,,,,,740.14,2.4927,0.047535
,,,,,,,,,,,,,,,,,,,,,,,,,,,,,743.52,2.4913,0.047304
,,,,,,,,,,,,,,,,,,,,,,,,,,,,,746.93,2.4899,0.047074
,,,,,,,,,,,,,,,,,,,,,,,,,,,,,750.37,2.4885,0.046846
,,,,,,,,,,,,,,,,,,,,,,,,,,,,,753.85,2.4871,0.046618
,,,,,,,,,,,,,,,,,,,,,,,,,,,,,757.35,2.4857,0.046392
,,,,,,,,,,,,,,,,,,,,,,,,,,,,,760.89,2.4844,0.046166
,,,,,,,,,,,,,,,,,,,,,,,,,,,,,764.46,2.483,0.045942
,,,,,,,,,,,,,,,,,,,,,,,,,,,,,768.07,2.4817,0.045719
,,,,,,,,,,,,,,,,,,,,,,,,,,,,,771.71,2.4804,0.045497
,,,,,,,,,,,,,,,,,,,,,,,,,,,,,775.39,2.479,0.045276
,,,,,,,,,,,,,,,,,,,,,,,,,,,,,779.1,2.4777,0.045056
,,,,,,,,,,,,,,,,,,,,,,,,,,,,,782.84,2.4764,0.044837
,,,,,,,,,,,,,,,,,,,,,,,,,,,,,786.63,2.4751,0.044619
,,,,,,,,,,,,,,,,,,,,,,,,,,,,,790.44,2.4738,0.044402
,,,,,,,,,,,,,,,,,,,,,,,,,,,,,794.3,2.4725,0.044186
,,,,,,,,,,,,,,,,,,,,,,,,,,,,,798.2,2.4713,0.043971
,,,,,,,,,,,,,,,,,,,,,,,,,,,,,802.13,2.47,0.043757
,,,,,,,,,,,,,,,,,,,,,,,,,,,,,806.1,2.4688,0.043544
,,,,,,,,,,,,,,,,,,,,,,,,,,,,,810.11,2.4675,0.043332
,,,,,,,,,,,,,,,,,,,,,,,,,,,,,814.16,2.4663,0.043121
,,,,,,,,,,,,,,,,,,,,,,,,,,,,,818.25,2.465,0.042911
,,,,,,,,,,,,,,,,,,,,,,,,,,,,,822.39,2.4638,0.042702
,,,,,,,,,,,,,,,,,,,,,,,,,,,,,826.56,2.4626,0.042494
